1,"Laxman","Edara","laxman@abc.com", 29/7/2013
2,"Chandu","Eadara","laxman@abc.com", 30/7/2013
3,"Subba","Edara","laxman@abc.com", 31/7/2013
4,"Arun","Edara","laxman@abc.com", 29/7/2013
5,"Ken","Edara","laxman@abc.com", 30/7/2013
6,"Laxman","Edara","laxman@abc.com", 29/7/2013
7,"Chandu","Eadara","laxman@abc.com", 30/7/2013
8,"Subba","Edara","laxman@abc.com", 31/7/2013
9,"Arun","Edara","laxman@abc.com", 29/7/2013
10,"Ken","Edara","laxman@abc.com", 30/7/2013
11,"Laxman","Edara","laxman@abc.com", 29/7/2013
12,"Chandu","Eadara","laxman@abc.com", 30/7/2013
13,"Subba","Edara","laxman@abc.com", 31/7/2013
14,"Arun","Edara","laxman@abc.com", 29/7/2013
15,"Ken","Edara","laxman@abc.com", 30/7/2013
16,"Laxman","Edara","laxman@abc.com", 29/7/2013
17,"Chandu","Eadara","laxman@abc.com", 30/7/2013
18,"Subba","Edara","laxman@abc.com", 31/7/2013
19,"Arun","Edara","laxman@abc.com", 29/7/2013
20,"Ken","Edara","laxman@abc.com", 30/7/2013
